image,description,price
//s.alicdn.com/@sc04/kf/Hf89c3334ae904fd388da2a39fda8e9caK.jpg_220x220.jpg,"Couche-culotte jetable pour bébé, nouveau-né, bonne qualité, sans ceinture élastique",1848
//s.alicdn.com/@sc04/kf/H12610399e19040eaa90e02808e1aee8cv.jpg_220x220.jpg,"Couches couches pour bébés sans couture, couches respirantes, douces et chaudes, échantillons de parfum",6776
//s.alicdn.com/@sc04/kf/HTB1c5s.aMaH3KVjSZFpq6zhKpXaU.jpg_220x220.jpg,Exportation afrique bébé daipers usine en gros jetables bébé couches,3080
//s.alicdn.com/@sc04/kf/H2a9e02ba0189489387ed57e03db7917aN.jpg_220x220.jpg,"Couches jetables pour bébés, livraison gratuite échantillon personnalisé, vente en gros, couches à super absorption, couches pour bébés",1817816
//img.alicdn.com/tfs/TB1S_7kkY5YBuNjSspoXXbeNFXa-700-700.jpg_350x350.jpg,"DC 12 — couches de haute qualité pour bébé, habit doux et heureux, vente en gros, promotion",6776
//img.alicdn.com/tfs/TB1S_7kkY5YBuNjSspoXXbeNFXa-700-700.jpg_350x350.jpg,"Couches jetables pour bébé, pièces, couches d'été personnalisées, de qualité a, vente en gros",8624
//img.alicdn.com/tfs/TB1S_7kkY5YBuNjSspoXXbeNFXa-700-700.jpg_350x350.jpg,"Couches jetables pour bébé, produit de qualité, pas cher, vente en gros, pièces",3696
//img.alicdn.com/tfs/TB1S_7kkY5YBuNjSspoXXbeNFXa-700-700.jpg_350x350.jpg,"Pantalons imprimés pour incigarette, tailles xl, moulant épais, pour adultes et personnes âgées, vente en gros, pièces",14168
//img.alicdn.com/tfs/TB1S_7kkY5YBuNjSspoXXbeNFXa-700-700.jpg_350x350.jpg,"Couche-culotte can10000 en turquie, Happy Baby, vente en gros à dubaï, pour bébé",5544
//img.alicdn.com/tfs/TB1S_7kkY5YBuNjSspoXXbeNFXa-700-700.jpg_350x350.jpg,"Couches-culotte écologique jetable pour bébé, livraison gratuite OEM, culotte de pantalon pour bébé",3696
//img.alicdn.com/tfs/TB1S_7kkY5YBuNjSspoXXbeNFXa-700-700.jpg_350x350.jpg,"Couches jetables mignonnes ultra fines de qualité B, pour bébés, 200 pièces",3696
//img.alicdn.com/tfs/TB1S_7kkY5YBuNjSspoXXbeNFXa-700-700.jpg_350x350.jpg,"Ohohbabyka — couches en tissu de coton lavable pour bébé, couches-culotte de poche, réutilisable, fabriqué en chine",123200
//img.alicdn.com/tfs/TB1S_7kkY5YBuNjSspoXXbeNFXa-700-700.jpg_350x350.jpg,"Machine de fabrication de couches pour bébés, bâtonnets jetables Semi-automatique, livraison gratuite, ligne de Production",61538400000
//img.alicdn.com/tfs/TB1S_7kkY5YBuNjSspoXXbeNFXa-700-700.jpg_350x350.jpg,"Couches fines professionnelles de haute qualité pour bébé, Guangdong, toutes tailles",77616
//img.alicdn.com/tfs/TB1S_7kkY5YBuNjSspoXXbeNFXa-700-700.jpg_350x350.jpg,OEM Jetable Bébé Couches,4928
//img.alicdn.com/tfs/TB1S_7kkY5YBuNjSspoXXbeNFXa-700-700.jpg_350x350.jpg,"Alibaba — couches jetables pour bébé, vente en gros,, nouvelles marques de couches pour nouveau-né en chine",3080
//img.alicdn.com/tfs/TB1S_7kkY5YBuNjSspoXXbeNFXa-700-700.jpg_350x350.jpg,"Couche De bébé au brésil, 2019, tissu De fabrication bon marché, couches pour bébés",6160
//img.alicdn.com/tfs/TB1S_7kkY5YBuNjSspoXXbeNFXa-700-700.jpg_350x350.jpg,"Mxq — couches et pantalons en coton pour bébé, nouveau-né, vente en gros, bon marché, usine en chine",4928
//img.alicdn.com/tfs/TB1S_7kkY5YBuNjSspoXXbeNFXa-700-700.jpg_350x350.jpg,Nouveau Offre Spéciale Ultra Épais Biodégradable Hypoallergénique Couches Bébé Couches,4928
//img.alicdn.com/tfs/TB1S_7kkY5YBuNjSspoXXbeNFXa-700-700.jpg_350x350.jpg,"Couches-culottes type I et T, modèles de grande taille, 600 pièces/min, en turquie",24640000000
//img.alicdn.com/tfs/TB1S_7kkY5YBuNjSspoXXbeNFXa-700-700.jpg_350x350.jpg,"USA — couches en pâte de bois pour bébés, 100%, matériaux de serviettes hygiéniques, peluches blanchissantes, prix, matière première",24640000000
//img.alicdn.com/tfs/TB1S_7kkY5YBuNjSspoXXbeNFXa-700-700.jpg_350x350.jpg,"Machine automatique pour la fabrication de couches pour bébés, vente exceptionnelle, petite échelle, idées d'affaires",24640000000
//img.alicdn.com/tfs/TB1S_7kkY5YBuNjSspoXXbeNFXa-700-700.jpg_350x350.jpg,"Couches biodégradables jetables pour bébés, sacs à ordures en plastique fabriquées à l'usine de maïs, vente en gros 50 pièces",24640000000
//img.alicdn.com/tfs/TB1S_7kkY5YBuNjSspoXXbeNFXa-700-700.jpg_350x350.jpg,"Sac à dos multifonctionnel résistant pour maman, sacoche à couches, grande capacité, pour bébé, offre spéciale, 2021",788480
//img.alicdn.com/tfs/TB1S_7kkY5YBuNjSspoXXbeNFXa-700-700.jpg_350x350.jpg,"Couches jetables en bambou pour bébés, vente en gros, qualité supérieure, pièces",12320
//img.alicdn.com/tfs/TB1S_7kkY5YBuNjSspoXXbeNFXa-700-700.jpg_350x350.jpg,"Couche-culotte de bébé, tapis imprimé personnalisé, antidérapant, réutilisable pour nouveau-né, tapis à langer imperméable pour bébé",215600
//img.alicdn.com/tfs/TB1S_7kkY5YBuNjSspoXXbeNFXa-700-700.jpg_350x350.jpg,"Logo personnalisé en plastique, pochettes, 20, 30, 40, 60 pochettes, livre, clair, dossier en pvc Transparent",61600
//img.alicdn.com/tfs/TB1S_7kkY5YBuNjSspoXXbeNFXa-700-700.jpg_350x350.jpg,"3.2m SMS Non-Tissé Faisant La Machine Pour Couches Bébé, Serviette Hygiénique",61600
//img.alicdn.com/tfs/TB1S_7kkY5YBuNjSspoXXbeNFXa-700-700.jpg_350x350.jpg,"Extrudeuse de plastique en PE, film respirant, machine à fabrication de couches pour bébé et vêtements de protection en pe",30800000000
//img.alicdn.com/tfs/TB1S_7kkY5YBuNjSspoXXbeNFXa-700-700.jpg_350x350.jpg,"Couches jetables pour bébé, lot de 2021, vêtements pour dormir, pour maman, nouveau-né, pour bébé sensible, offre spéciale",11088
//img.alicdn.com/tfs/TB1S_7kkY5YBuNjSspoXXbeNFXa-700-700.jpg_350x350.jpg,"Couches pour bébé, jetables, Super douces, bas prix d'usine, couches pour bébé, nouveau produit",4312
//img.alicdn.com/tfs/TB1S_7kkY5YBuNjSspoXXbeNFXa-700-700.jpg_350x350.jpg,Offre Spéciale Produits Hautement Absorbant Couches Jetables Bébé Personnalisé Couches Pour Bébé,5544
//img.alicdn.com/tfs/TB1S_7kkY5YBuNjSspoXXbeNFXa-700-700.jpg_350x350.jpg,"Couches jetables pour bébé, vente en gros, couches douces de qualité A, sommeil doux, 2021",3696
//img.alicdn.com/tfs/TB1S_7kkY5YBuNjSspoXXbeNFXa-700-700.jpg_350x350.jpg,"Couches réutilisable et imperméable pour bébé, lavable, vente en gros, livraison gratuite en chine",156464
//img.alicdn.com/tfs/TB1S_7kkY5YBuNjSspoXXbeNFXa-700-700.jpg_350x350.jpg,"Couche réutilisable en tissu pour bébé, étanche, taille unique, 1 pièce, vente chaude,",154000
//img.alicdn.com/tfs/TB1S_7kkY5YBuNjSspoXXbeNFXa-700-700.jpg_350x350.jpg,Pampa bébé couches avec le prix concurrentiel,5544
//img.alicdn.com/tfs/TB1S_7kkY5YBuNjSspoXXbeNFXa-700-700.jpg_350x350.jpg,"Fabricant de couches et de pantalons pour bébé, respirants et personnalisés de haute qualité dans le Guangdong",77616
//img.alicdn.com/tfs/TB1S_7kkY5YBuNjSspoXXbeNFXa-700-700.jpg_350x350.jpg,"Pâte chimique de bois à couverture européenne et américaine, pâte vierge décolorée pour couches de bébé et serviettes hygiéniques, matériaux bruts",77616
//img.alicdn.com/tfs/TB1S_7kkY5YBuNjSspoXXbeNFXa-700-700.jpg_350x350.jpg,"Couche-culotte pour bébés garçons, grand accessoire pour adulte et enfant, diy bricolage",6776
//img.alicdn.com/tfs/TB1S_7kkY5YBuNjSspoXXbeNFXa-700-700.jpg_350x350.jpg,"Wosaaub — couches pour bébé, Logo personnalisé, couches pour bébés, pantalons à enfiler, jetable, fabrication de faux diamants mignons",4312
