description,prix_debut,price en FCFA
"Couche-culotte jetable pour bébé, nouveau-né, bonne qualité, sans ceinture élastique",0,1848
"Couche-culotte en coton pour bébé, pour couches molles, bas prix, étiquette privée sensible, grade a",0,3696
"Grand pantalon de couches pour bébé, sous-vêtement tout-en-un, culotte en tissu, pour entraînement",0,5544
"Couches jetables pour bébés, serviettes en papier sec naturel, vente en gros, pièces",0,4928
"Couches couches pour bébés sans couture, couches respirantes, douces et chaudes, échantillons de parfum",0,6776
"Couches pour bébé à traction, produit de qualité A, en vrac, de haute qualité, pour nouveaux-nés",0,6160
"Couches-culotte écologique jetable pour bébé, livraison gratuite OEM, culotte de pantalon pour bébé",0,3696
Haute qualité 100% recyclable AUCUNE ALLERGIE De Qualité Médicale petit tampon en coton bio,0,15400
"Couches jetables Semi-automatique, pour bébé et femme, emballage de serviettes hygiéniques, prix de Machine, vente en gros",1848,264880000
"Couches jetables mignonnes ultra fines de qualité B, pour bébés, 200 pièces",0,3696
"Couche réutilisable en tissu pour bébé, étanche, taille unique, 1 pièce, vente chaude,",616,154000
"Pantalons imprimés pour incigarette, tailles xl, moulant épais, pour adultes et personnes âgées, vente en gros, pièces",0,14168
Diapers Babies Best Selling Attractive Price Dry Elastic Waist Band Baby Diapers Pull Up Pants Manufacturer,0,69608
"Couche culotte en tissu OEM pour bébé, lavable et réutilisable, tissu écologique",616,138600
"Couches écologiques jetables pour bébé, en Fiber de bambou, organique, de qualité, nouveau-né, 2020",0,48048
"Couches pour bébés, modèle classique, pas cher, couches pour bébés, Lot de livraison, bonne qualité B, vente en gros",0,2464
"Couches pour bébé, jetables, Super douces, bas prix d'usine, couches pour bébé, nouveau produit",0,4312
"Couches-culottes en latex pour bébés, matière absorbante, jetables, pour les nouveaux-nés, livraison gratuite,",0,8624
"Couches-culottes jetables pour bébés, pièces, logo gratuit OEM, sachets à couches personnalisées, vente en gros",0,4928
"Culotte simple jetable, couche-culotte à langer, à monter, pour bébé",0,5544
"Ligne de Production de couches pour bébés et adultes, pièces, plantes économiques, pour la fabrication de couches",418880,5544
"Dmm — ensemble de couches réutilisables, couche-culotte en bambou, pour nouveau-né, tout-en-un, 2022",616,156464
"Couche-culotte pour bébé, vente en gros, grade B, pas cher, 10 pièces",0,3696
"Couches-culottes biodégradables unisexes, en bambou biologique, jetables, pour bébé, grade A, premier choix, pièces",0,13552
"Couche réutilisable en tissu pour bébé, 1 pc, couche-culotte avec poche, position numérique imprimée, couches pour nouveau-né",616,197120
"Couches de bébé imprimées échantillon gratuit, petites, moyennes et grandes, souples, en afrique du sud, pour vente",0,6160
"Couches jetables pour bébé, vente en gros, couches douces de qualité A, sommeil doux, 2021",0,3696
Offre Spéciale Bas Prix Bébé Couches meilleurs Produits De Vente couche-Culotte Jetable Super Douce Fabriqué En chine,0,3696
"Couches jetables pour bébé, livraison gratuite, couches pour bébé, douces de qualité A, vente en gros, 2022",0,5544
"Jiayunijoy — couche-culotte jetable pour bébé, couches africaines et fuchsia de la chine",0,5544
"Machine à couches automatique pour bébés, grande vitesse, pour la fabrication des couches pour bébés, ligne de Production en inde",246400,5544
"Couches pour bébés, en stock, livraison gratuite",0,5544
"Couche-culotte anti-fuite 3D pour bébé, nouvelle qualité, vente en gros, livraison directe d'usine",0,3080
"Couches jetables pour bébé, livraison gratuite, standard, vente en gros",0,3696
"DC 12 — couches de haute qualité pour bébé, habit doux et heureux, vente en gros, promotion",0,6776
"Machine de fabrication de couches pour adultes, pantalon avec Servo-culotte pour bébé qui fonctionne entièrement automatique, ligne de Production, prix d'usine",197120,6776
Offre Spéciale OEM couches Fabricant chinois professionnel/jetable Respirant baba couche grand Adulte Bébé,0,6776
Haute Absorption Vente Chaude Pas Minimum Meilleur Prix Couches Bébé Couche-Culotte Usine Chine,0,3080
"Heappo — couches-culotte jetable pour bébé, vente en gros, d'usine",0,3696
"Couches pour bébé très douces, jetables, Grade A, prix d'usine,",0,5544
